Email,Status,Role,Activities completed,Last active
student0001@sample.tri-ai.test,Active,Member,1,2026-04-17 11:07:00 UTC
student0002@sample.tri-ai.test,Active,Member,2,2026-04-14 12:14:00 UTC
student0003@sample.tri-ai.test,Active,Member,3,2026-04-17 13:21:00 UTC
student0004@sample.tri-ai.test,Active,Member,4,2026-04-14 14:28:00 UTC
student0005@sample.tri-ai.test,Active,Member,5,2026-04-17 15:35:00 UTC
student0006@sample.tri-ai.test,Active,Member,0,2026-04-14 16:42:00 UTC
student0007@sample.tri-ai.test,Active,Member,1,2026-04-17 17:49:00 UTC
student0008@sample.tri-ai.test,Active,Member,2,2026-04-14 10:56:00 UTC
student0009@sample.tri-ai.test,Active,Member,3,2026-04-17 11:03:00 UTC
student0010@sample.tri-ai.test,Active,Member,4,2026-04-14 12:10:00 UTC
student0011@sample.tri-ai.test,Active,Member,5,2026-04-17 13:17:00 UTC
student0012@sample.tri-ai.test,Active,Member,0,2026-04-14 14:24:00 UTC
student0013@sample.tri-ai.test,Active,Member,1,2026-04-17 15:31:00 UTC
student0014@sample.tri-ai.test,Active,Member,2,2026-04-14 16:38:00 UTC
student0015@sample.tri-ai.test,Active,Member,3,2026-04-17 17:45:00 UTC
student0016@sample.tri-ai.test,Active,Member,4,2026-04-14 10:52:00 UTC
student0017@sample.tri-ai.test,Active,Member,5,2026-04-17 11:59:00 UTC
student0018@sample.tri-ai.test,Active,Member,0,2026-04-14 12:06:00 UTC
student0019@sample.tri-ai.test,Active,Member,1,2026-04-17 13:13:00 UTC
student0020@sample.tri-ai.test,Active,Member,2,2026-04-14 14:20:00 UTC
student0021@sample.tri-ai.test,Active,Member,3,2026-04-17 15:27:00 UTC
student0022@sample.tri-ai.test,Active,Member,4,2026-04-14 16:34:00 UTC
student0023@sample.tri-ai.test,Active,Member,5,2026-04-17 17:41:00 UTC
student0024@sample.tri-ai.test,Active,Member,0,2026-04-14 10:48:00 UTC
student0025@sample.tri-ai.test,Active,Member,1,2026-04-17 11:55:00 UTC
student0026@sample.tri-ai.test,Active,Member,2,2026-04-14 12:02:00 UTC
student0027@sample.tri-ai.test,Active,Member,3,2026-04-17 13:09:00 UTC
student0028@sample.tri-ai.test,Active,Member,4,2026-04-14 14:16:00 UTC
student0029@sample.tri-ai.test,Active,Member,5,2026-04-17 15:23:00 UTC
student0030@sample.tri-ai.test,Active,Member,0,2026-04-14 16:30:00 UTC
student0031@sample.tri-ai.test,Active,Member,1,2026-04-17 17:37:00 UTC
student0032@sample.tri-ai.test,Active,Member,2,2026-04-14 10:44:00 UTC
student0033@sample.tri-ai.test,Active,Member,3,2026-04-17 11:51:00 UTC
student0034@sample.tri-ai.test,Active,Member,4,2026-04-14 12:58:00 UTC
student0035@sample.tri-ai.test,Active,Member,5,2026-04-17 13:05:00 UTC
student0036@sample.tri-ai.test,Active,Member,0,2026-04-14 14:12:00 UTC
student0037@sample.tri-ai.test,Active,Member,1,2026-04-17 15:19:00 UTC
student0038@sample.tri-ai.test,Active,Member,2,2026-04-14 16:26:00 UTC
student0039@sample.tri-ai.test,Active,Member,3,2026-04-17 17:33:00 UTC
student0040@sample.tri-ai.test,Active,Member,4,2026-04-14 10:40:00 UTC
student0041@sample.tri-ai.test,Active,Member,5,2026-04-17 11:47:00 UTC
student0042@sample.tri-ai.test,Active,Member,0,2026-04-14 12:54:00 UTC
student0043@sample.tri-ai.test,Active,Member,1,2026-04-17 13:01:00 UTC
student0044@sample.tri-ai.test,Active,Member,2,2026-04-14 14:08:00 UTC
student0045@sample.tri-ai.test,Active,Member,3,2026-04-17 15:15:00 UTC
student0046@sample.tri-ai.test,Active,Member,4,2026-04-14 16:22:00 UTC
student0047@sample.tri-ai.test,Active,Member,5,2026-04-17 17:29:00 UTC
student0048@sample.tri-ai.test,Active,Member,0,2026-04-14 10:36:00 UTC
student0049@sample.tri-ai.test,Active,Member,1,2026-04-17 11:43:00 UTC
student0050@sample.tri-ai.test,Active,Member,2,2026-04-14 12:50:00 UTC
student0051@sample.tri-ai.test,Active,Member,3,2026-04-17 13:57:00 UTC
student0052@sample.tri-ai.test,Active,Member,4,2026-04-14 14:04:00 UTC
student0053@sample.tri-ai.test,Active,Member,5,2026-04-17 15:11:00 UTC
student0054@sample.tri-ai.test,Active,Member,0,2026-04-14 16:18:00 UTC
student0055@sample.tri-ai.test,Active,Member,1,2026-04-17 17:25:00 UTC
student0056@sample.tri-ai.test,Active,Member,2,2026-04-14 10:32:00 UTC
student0057@sample.tri-ai.test,Active,Member,3,2026-04-17 11:39:00 UTC
student0058@sample.tri-ai.test,Active,Member,4,2026-04-14 12:46:00 UTC
student0059@sample.tri-ai.test,Active,Member,5,2026-04-17 13:53:00 UTC
student0060@sample.tri-ai.test,Active,Member,0,2026-04-14 14:00:00 UTC
student0061@sample.tri-ai.test,Active,Member,1,2026-04-17 15:07:00 UTC
student0062@sample.tri-ai.test,Active,Member,2,2026-04-14 16:14:00 UTC
student0063@sample.tri-ai.test,Active,Member,3,2026-04-17 17:21:00 UTC
student0064@sample.tri-ai.test,Active,Member,4,2026-04-14 10:28:00 UTC
student0065@sample.tri-ai.test,Active,Member,5,2026-04-17 11:35:00 UTC
student0066@sample.tri-ai.test,Active,Member,0,2026-04-14 12:42:00 UTC
student0067@sample.tri-ai.test,Active,Member,1,2026-04-17 13:49:00 UTC
student0068@sample.tri-ai.test,Active,Member,2,2026-04-14 14:56:00 UTC
student0069@sample.tri-ai.test,Active,Member,3,2026-04-17 15:03:00 UTC
student0070@sample.tri-ai.test,Active,Member,4,2026-04-14 16:10:00 UTC
student0071@sample.tri-ai.test,Active,Member,5,2026-04-17 17:17:00 UTC
student0072@sample.tri-ai.test,Active,Member,0,2026-04-14 10:24:00 UTC
student0073@sample.tri-ai.test,Active,Member,1,2026-04-17 11:31:00 UTC
student0074@sample.tri-ai.test,Active,Member,2,2026-04-14 12:38:00 UTC
student0075@sample.tri-ai.test,Active,Member,3,2026-04-17 13:45:00 UTC
student0076@sample.tri-ai.test,Active,Member,4,2026-04-14 14:52:00 UTC
student0077@sample.tri-ai.test,Active,Member,5,2026-04-17 15:59:00 UTC
student0078@sample.tri-ai.test,Active,Member,0,2026-04-14 16:06:00 UTC
student0079@sample.tri-ai.test,Active,Member,1,2026-04-17 17:13:00 UTC
student0080@sample.tri-ai.test,Active,Member,2,2026-04-14 10:20:00 UTC
student0081@sample.tri-ai.test,Active,Member,3,2026-04-17 11:27:00 UTC
student0082@sample.tri-ai.test,Active,Member,4,2026-04-14 12:34:00 UTC
student0083@sample.tri-ai.test,Active,Member,5,2026-04-17 13:41:00 UTC
student0084@sample.tri-ai.test,Active,Member,0,2026-04-14 14:48:00 UTC
student0085@sample.tri-ai.test,Active,Member,1,2026-04-17 15:55:00 UTC
student0086@sample.tri-ai.test,Active,Member,2,2026-04-14 16:02:00 UTC
student0087@sample.tri-ai.test,Active,Member,3,2026-04-17 17:09:00 UTC
student0088@sample.tri-ai.test,Active,Member,4,2026-04-14 10:16:00 UTC
student0089@sample.tri-ai.test,Active,Member,5,2026-04-17 11:23:00 UTC
student0090@sample.tri-ai.test,Active,Member,0,2026-04-14 12:30:00 UTC
student0091@sample.tri-ai.test,Active,Member,1,2026-04-17 13:37:00 UTC
student0092@sample.tri-ai.test,Active,Member,2,2026-04-14 14:44:00 UTC
student0093@sample.tri-ai.test,Active,Member,3,2026-04-17 15:51:00 UTC
student0094@sample.tri-ai.test,Active,Member,4,2026-04-14 16:58:00 UTC
student0095@sample.tri-ai.test,Active,Member,5,2026-04-17 17:05:00 UTC
student0096@sample.tri-ai.test,Active,Member,0,2026-04-14 10:12:00 UTC
student0097@sample.tri-ai.test,Active,Member,1,2026-04-17 11:19:00 UTC
student0098@sample.tri-ai.test,Active,Member,2,2026-04-14 12:26:00 UTC
student0099@sample.tri-ai.test,Active,Member,3,2026-04-17 13:33:00 UTC
student0100@sample.tri-ai.test,Active,Member,4,2026-04-14 14:40:00 UTC
student0101@sample.tri-ai.test,Active,Member,5,2026-04-17 15:47:00 UTC
student0102@sample.tri-ai.test,Active,Member,0,2026-04-14 16:54:00 UTC
student0103@sample.tri-ai.test,Active,Member,1,2026-04-17 17:01:00 UTC
student0104@sample.tri-ai.test,Active,Member,2,2026-04-14 10:08:00 UTC
student0105@sample.tri-ai.test,Active,Member,3,2026-04-17 11:15:00 UTC
student0106@sample.tri-ai.test,Active,Member,4,2026-04-14 12:22:00 UTC
student0107@sample.tri-ai.test,Active,Member,5,2026-04-17 13:29:00 UTC
student0108@sample.tri-ai.test,Active,Member,0,2026-04-14 14:36:00 UTC
student0109@sample.tri-ai.test,Active,Member,1,2026-04-17 15:43:00 UTC
student0110@sample.tri-ai.test,Active,Member,2,2026-04-14 16:50:00 UTC
student0111@sample.tri-ai.test,Active,Member,3,2026-04-17 17:57:00 UTC
student0112@sample.tri-ai.test,Active,Member,4,2026-04-14 10:04:00 UTC
student0113@sample.tri-ai.test,Active,Member,5,2026-04-17 11:11:00 UTC
student0114@sample.tri-ai.test,Active,Member,0,2026-04-14 12:18:00 UTC
student0115@sample.tri-ai.test,Active,Member,1,2026-04-17 13:25:00 UTC
student0116@sample.tri-ai.test,Active,Member,2,2026-04-14 14:32:00 UTC
student0117@sample.tri-ai.test,Active,Member,3,2026-04-17 15:39:00 UTC
student0118@sample.tri-ai.test,Active,Member,4,2026-04-14 16:46:00 UTC
student0119@sample.tri-ai.test,Active,Member,5,2026-04-17 17:53:00 UTC
student0120@sample.tri-ai.test,Active,Member,0,2026-04-14 10:00:00 UTC
student0121@sample.tri-ai.test,Active,Member,1,2026-04-17 11:07:00 UTC
student0122@sample.tri-ai.test,Active,Member,2,2026-04-14 12:14:00 UTC
student0123@sample.tri-ai.test,Active,Member,3,2026-04-17 13:21:00 UTC
student0124@sample.tri-ai.test,Active,Member,4,2026-04-14 14:28:00 UTC
student0125@sample.tri-ai.test,Active,Member,5,2026-04-17 15:35:00 UTC
student0126@sample.tri-ai.test,Active,Member,0,2026-04-14 16:42:00 UTC
student0127@sample.tri-ai.test,Active,Member,1,2026-04-17 17:49:00 UTC
student0128@sample.tri-ai.test,Active,Member,2,2026-04-14 10:56:00 UTC
student0129@sample.tri-ai.test,Active,Member,3,2026-04-17 11:03:00 UTC
student0130@sample.tri-ai.test,Active,Member,4,2026-04-14 12:10:00 UTC
student0131@sample.tri-ai.test,Active,Member,5,2026-04-17 13:17:00 UTC
student0132@sample.tri-ai.test,Active,Member,0,2026-04-14 14:24:00 UTC
student0133@sample.tri-ai.test,Active,Member,1,2026-04-17 15:31:00 UTC
student0134@sample.tri-ai.test,Active,Member,2,2026-04-14 16:38:00 UTC
student0135@sample.tri-ai.test,Active,Member,3,2026-04-17 17:45:00 UTC
student0136@sample.tri-ai.test,Active,Member,4,2026-04-14 10:52:00 UTC
student0137@sample.tri-ai.test,Active,Member,5,2026-04-17 11:59:00 UTC
student0138@sample.tri-ai.test,Active,Member,0,2026-04-14 12:06:00 UTC
student0139@sample.tri-ai.test,Active,Member,1,2026-04-17 13:13:00 UTC
student0140@sample.tri-ai.test,Active,Member,2,2026-04-14 14:20:00 UTC
student0141@sample.tri-ai.test,Active,Member,3,2026-04-17 15:27:00 UTC
student0142@sample.tri-ai.test,Active,Member,4,2026-04-14 16:34:00 UTC
student0143@sample.tri-ai.test,Active,Member,5,2026-04-17 17:41:00 UTC
student0144@sample.tri-ai.test,Active,Member,0,2026-04-14 10:48:00 UTC
student0145@sample.tri-ai.test,Active,Member,1,2026-04-17 11:55:00 UTC
student0146@sample.tri-ai.test,Active,Member,2,2026-04-14 12:02:00 UTC
student0147@sample.tri-ai.test,Active,Member,3,2026-04-17 13:09:00 UTC
student0148@sample.tri-ai.test,Active,Member,4,2026-04-14 14:16:00 UTC
student0149@sample.tri-ai.test,Active,Member,5,2026-04-17 15:23:00 UTC
student0150@sample.tri-ai.test,Active,Member,0,2026-04-14 16:30:00 UTC
student0151@sample.tri-ai.test,Active,Member,1,2026-04-17 17:37:00 UTC
student0152@sample.tri-ai.test,Active,Member,2,2026-04-14 10:44:00 UTC
student0153@sample.tri-ai.test,Active,Member,3,2026-04-17 11:51:00 UTC
student0154@sample.tri-ai.test,Active,Member,4,2026-04-14 12:58:00 UTC
student0155@sample.tri-ai.test,Active,Member,5,2026-04-17 13:05:00 UTC
student0156@sample.tri-ai.test,Active,Member,0,2026-04-14 14:12:00 UTC
student0157@sample.tri-ai.test,Active,Member,1,2026-04-17 15:19:00 UTC
student0158@sample.tri-ai.test,Active,Member,2,2026-04-14 16:26:00 UTC
student0159@sample.tri-ai.test,Active,Member,3,2026-04-17 17:33:00 UTC
student0160@sample.tri-ai.test,Active,Member,4,2026-04-14 10:40:00 UTC
student0161@sample.tri-ai.test,Active,Member,5,2026-04-17 11:47:00 UTC
student0162@sample.tri-ai.test,Active,Member,0,2026-04-14 12:54:00 UTC
student0163@sample.tri-ai.test,Active,Member,1,2026-04-17 13:01:00 UTC
student0164@sample.tri-ai.test,Active,Member,2,2026-04-14 14:08:00 UTC
student0165@sample.tri-ai.test,Active,Member,3,2026-04-17 15:15:00 UTC
student0166@sample.tri-ai.test,Active,Member,4,2026-04-14 16:22:00 UTC
student0167@sample.tri-ai.test,Active,Member,5,2026-04-17 17:29:00 UTC
student0168@sample.tri-ai.test,Active,Member,0,2026-04-14 10:36:00 UTC
student0169@sample.tri-ai.test,Active,Member,1,2026-04-17 11:43:00 UTC
student0170@sample.tri-ai.test,Active,Member,2,2026-04-14 12:50:00 UTC
student0171@sample.tri-ai.test,Active,Member,3,2026-04-17 13:57:00 UTC
student0172@sample.tri-ai.test,Active,Member,4,2026-04-14 14:04:00 UTC
student0173@sample.tri-ai.test,Active,Member,5,2026-04-17 15:11:00 UTC
student0174@sample.tri-ai.test,Active,Member,0,2026-04-14 16:18:00 UTC
student0175@sample.tri-ai.test,Active,Member,1,2026-04-17 17:25:00 UTC
student0176@sample.tri-ai.test,Active,Member,2,2026-04-14 10:32:00 UTC
student0177@sample.tri-ai.test,Active,Member,3,2026-04-17 11:39:00 UTC
student0178@sample.tri-ai.test,Active,Member,4,2026-04-14 12:46:00 UTC
student0179@sample.tri-ai.test,Active,Member,5,2026-04-17 13:53:00 UTC
student0180@sample.tri-ai.test,Active,Member,0,2026-04-14 14:00:00 UTC
student0181@sample.tri-ai.test,Active,Member,1,2026-04-17 15:07:00 UTC
student0182@sample.tri-ai.test,Active,Member,2,2026-04-14 16:14:00 UTC
student0183@sample.tri-ai.test,Active,Member,3,2026-04-17 17:21:00 UTC
student0184@sample.tri-ai.test,Active,Member,4,2026-04-14 10:28:00 UTC
student0185@sample.tri-ai.test,Active,Member,5,2026-04-17 11:35:00 UTC
student0186@sample.tri-ai.test,Active,Member,0,2026-04-14 12:42:00 UTC
student0187@sample.tri-ai.test,Active,Member,1,2026-04-17 13:49:00 UTC
student0188@sample.tri-ai.test,Active,Member,2,2026-04-14 14:56:00 UTC
student0189@sample.tri-ai.test,Active,Member,3,2026-04-17 15:03:00 UTC
student0190@sample.tri-ai.test,Active,Member,4,2026-04-14 16:10:00 UTC
student0191@sample.tri-ai.test,Active,Member,5,2026-04-17 17:17:00 UTC
student0192@sample.tri-ai.test,Active,Member,0,2026-04-14 10:24:00 UTC
student0193@sample.tri-ai.test,Active,Member,1,2026-04-17 11:31:00 UTC
student0194@sample.tri-ai.test,Active,Member,2,2026-04-14 12:38:00 UTC
student0195@sample.tri-ai.test,Active,Member,3,2026-04-17 13:45:00 UTC
student0196@sample.tri-ai.test,Active,Member,4,2026-04-14 14:52:00 UTC
student0197@sample.tri-ai.test,Active,Member,5,2026-04-17 15:59:00 UTC
student0198@sample.tri-ai.test,Active,Member,0,2026-04-14 16:06:00 UTC
student0199@sample.tri-ai.test,Active,Member,1,2026-04-17 17:13:00 UTC
student0200@sample.tri-ai.test,Active,Member,2,2026-04-14 10:20:00 UTC
student0201@sample.tri-ai.test,Active,Member,3,2026-04-17 11:27:00 UTC
student0202@sample.tri-ai.test,Active,Member,4,2026-04-14 12:34:00 UTC
student0203@sample.tri-ai.test,Active,Member,5,2026-04-17 13:41:00 UTC
student0204@sample.tri-ai.test,Active,Member,0,2026-04-14 14:48:00 UTC
student0205@sample.tri-ai.test,Active,Member,1,2026-04-17 15:55:00 UTC
student0206@sample.tri-ai.test,Active,Member,2,2026-04-14 16:02:00 UTC
student0207@sample.tri-ai.test,Active,Member,3,2026-04-17 17:09:00 UTC
student0208@sample.tri-ai.test,Active,Member,4,2026-04-14 10:16:00 UTC
student0209@sample.tri-ai.test,Active,Member,5,2026-04-17 11:23:00 UTC
student0210@sample.tri-ai.test,Active,Member,0,2026-04-14 12:30:00 UTC
student0211@sample.tri-ai.test,Active,Member,1,2026-04-17 13:37:00 UTC
student0212@sample.tri-ai.test,Active,Member,2,2026-04-14 14:44:00 UTC
student0213@sample.tri-ai.test,Active,Member,3,2026-04-17 15:51:00 UTC
student0214@sample.tri-ai.test,Active,Member,4,2026-04-14 16:58:00 UTC
student0215@sample.tri-ai.test,Active,Member,5,2026-04-17 17:05:00 UTC
student0216@sample.tri-ai.test,Active,Member,0,2026-04-14 10:12:00 UTC
student0217@sample.tri-ai.test,Active,Member,1,2026-04-17 11:19:00 UTC
student0218@sample.tri-ai.test,Active,Member,2,2026-04-14 12:26:00 UTC
student0219@sample.tri-ai.test,Active,Member,3,2026-04-17 13:33:00 UTC
student0220@sample.tri-ai.test,Active,Member,4,2026-04-14 14:40:00 UTC
student0221@sample.tri-ai.test,Active,Member,5,2026-04-17 15:47:00 UTC
student0222@sample.tri-ai.test,Active,Member,0,2026-04-14 16:54:00 UTC
student0223@sample.tri-ai.test,Active,Member,1,2026-04-17 17:01:00 UTC
student0224@sample.tri-ai.test,Active,Member,2,2026-04-14 10:08:00 UTC
student0225@sample.tri-ai.test,Active,Member,3,2026-04-17 11:15:00 UTC
student0226@sample.tri-ai.test,Active,Member,4,2026-04-14 12:22:00 UTC
student0227@sample.tri-ai.test,Active,Member,5,2026-04-17 13:29:00 UTC
student0228@sample.tri-ai.test,Active,Member,0,2026-04-14 14:36:00 UTC
student0229@sample.tri-ai.test,Active,Member,1,2026-04-17 15:43:00 UTC
student0230@sample.tri-ai.test,Active,Member,2,2026-04-14 16:50:00 UTC
student0231@sample.tri-ai.test,Active,Member,3,2026-04-17 17:57:00 UTC
student0232@sample.tri-ai.test,Active,Member,4,2026-04-14 10:04:00 UTC
student0233@sample.tri-ai.test,Active,Member,5,2026-04-17 11:11:00 UTC
student0234@sample.tri-ai.test,Active,Member,0,2026-04-14 12:18:00 UTC
student0235@sample.tri-ai.test,Active,Member,1,2026-04-17 13:25:00 UTC
student0236@sample.tri-ai.test,Active,Member,2,2026-04-14 14:32:00 UTC
student0237@sample.tri-ai.test,Active,Member,3,2026-04-17 15:39:00 UTC
student0238@sample.tri-ai.test,Active,Member,4,2026-04-14 16:46:00 UTC
student0239@sample.tri-ai.test,Active,Member,5,2026-04-17 17:53:00 UTC
student0240@sample.tri-ai.test,Active,Member,0,2026-04-14 10:00:00 UTC
student0241@sample.tri-ai.test,Active,Member,1,2026-04-17 11:07:00 UTC
student0242@sample.tri-ai.test,Active,Member,2,2026-04-14 12:14:00 UTC
student0243@sample.tri-ai.test,Active,Member,3,2026-04-17 13:21:00 UTC
student0244@sample.tri-ai.test,Active,Member,4,2026-04-14 14:28:00 UTC
student0245@sample.tri-ai.test,Active,Member,5,2026-04-17 15:35:00 UTC
student0246@sample.tri-ai.test,Active,Member,0,2026-04-14 16:42:00 UTC
student0247@sample.tri-ai.test,Active,Member,1,2026-04-17 17:49:00 UTC
student0248@sample.tri-ai.test,Active,Member,2,2026-04-14 10:56:00 UTC
student0249@sample.tri-ai.test,Active,Member,3,2026-04-17 11:03:00 UTC
student0250@sample.tri-ai.test,Active,Member,4,2026-04-14 12:10:00 UTC
student0251@sample.tri-ai.test,Active,Member,5,2026-04-17 13:17:00 UTC
student0252@sample.tri-ai.test,Active,Member,0,2026-04-14 14:24:00 UTC
student0253@sample.tri-ai.test,Active,Member,1,2026-04-17 15:31:00 UTC
student0254@sample.tri-ai.test,Active,Member,2,2026-04-14 16:38:00 UTC
student0255@sample.tri-ai.test,Active,Member,3,2026-04-17 17:45:00 UTC
student0256@sample.tri-ai.test,Active,Member,4,2026-04-14 10:52:00 UTC
student0257@sample.tri-ai.test,Active,Member,5,2026-04-17 11:59:00 UTC
student0258@sample.tri-ai.test,Active,Member,0,2026-04-14 12:06:00 UTC
student0259@sample.tri-ai.test,Active,Member,1,2026-04-17 13:13:00 UTC
student0260@sample.tri-ai.test,Active,Member,2,2026-04-14 14:20:00 UTC
student0261@sample.tri-ai.test,Active,Member,3,2026-04-17 15:27:00 UTC
student0262@sample.tri-ai.test,Active,Member,4,2026-04-14 16:34:00 UTC
student0263@sample.tri-ai.test,Active,Member,5,2026-04-17 17:41:00 UTC
student0264@sample.tri-ai.test,Active,Member,0,2026-04-14 10:48:00 UTC
student0265@sample.tri-ai.test,Active,Member,1,2026-04-17 11:55:00 UTC
student0266@sample.tri-ai.test,Active,Member,2,2026-04-14 12:02:00 UTC
student0267@sample.tri-ai.test,Active,Member,3,2026-04-17 13:09:00 UTC
student0268@sample.tri-ai.test,Active,Member,4,2026-04-14 14:16:00 UTC
student0269@sample.tri-ai.test,Active,Member,5,2026-04-17 15:23:00 UTC
student0270@sample.tri-ai.test,Active,Member,0,2026-04-14 16:30:00 UTC
student0271@sample.tri-ai.test,Active,Member,1,2026-04-17 17:37:00 UTC
student0272@sample.tri-ai.test,Active,Member,2,2026-04-14 10:44:00 UTC
student0273@sample.tri-ai.test,Active,Member,3,2026-04-17 11:51:00 UTC
student0274@sample.tri-ai.test,Active,Member,4,2026-04-14 12:58:00 UTC
student0275@sample.tri-ai.test,Active,Member,5,2026-04-17 13:05:00 UTC
student0276@sample.tri-ai.test,Active,Member,0,2026-04-14 14:12:00 UTC
student0277@sample.tri-ai.test,Active,Member,1,2026-04-17 15:19:00 UTC
student0278@sample.tri-ai.test,Active,Member,2,2026-04-14 16:26:00 UTC
student0279@sample.tri-ai.test,Active,Member,3,2026-04-17 17:33:00 UTC
student0280@sample.tri-ai.test,Active,Member,4,2026-04-14 10:40:00 UTC
student0281@sample.tri-ai.test,Active,Member,5,2026-04-17 11:47:00 UTC
student0282@sample.tri-ai.test,Active,Member,0,2026-04-14 12:54:00 UTC
student0283@sample.tri-ai.test,Active,Member,1,2026-04-17 13:01:00 UTC
student0284@sample.tri-ai.test,Active,Member,2,2026-04-14 14:08:00 UTC
student0285@sample.tri-ai.test,Active,Member,3,2026-04-17 15:15:00 UTC
student0286@sample.tri-ai.test,Active,Member,4,2026-04-14 16:22:00 UTC
student0287@sample.tri-ai.test,Active,Member,5,2026-04-17 17:29:00 UTC
student0288@sample.tri-ai.test,Active,Member,0,2026-04-14 10:36:00 UTC
student0289@sample.tri-ai.test,Active,Member,1,2026-04-17 11:43:00 UTC
student0290@sample.tri-ai.test,Active,Member,2,2026-04-14 12:50:00 UTC
student0291@sample.tri-ai.test,Active,Member,3,2026-04-17 13:57:00 UTC
student0292@sample.tri-ai.test,Active,Member,4,2026-04-14 14:04:00 UTC
student0293@sample.tri-ai.test,Active,Member,5,2026-04-17 15:11:00 UTC
student0294@sample.tri-ai.test,Active,Member,0,2026-04-14 16:18:00 UTC
student0295@sample.tri-ai.test,Active,Member,1,2026-04-17 17:25:00 UTC
student0296@sample.tri-ai.test,Active,Member,2,2026-04-14 10:32:00 UTC
student0297@sample.tri-ai.test,Active,Member,3,2026-04-17 11:39:00 UTC
student0298@sample.tri-ai.test,Active,Member,4,2026-04-14 12:46:00 UTC
student0299@sample.tri-ai.test,Active,Member,5,2026-04-17 13:53:00 UTC
student0300@sample.tri-ai.test,Active,Member,0,2026-04-14 14:00:00 UTC
student0301@sample.tri-ai.test,Active,Member,1,2026-04-17 15:07:00 UTC
student0302@sample.tri-ai.test,Active,Member,2,2026-04-14 16:14:00 UTC
student0303@sample.tri-ai.test,Active,Member,3,2026-04-17 17:21:00 UTC
student0304@sample.tri-ai.test,Active,Member,4,2026-04-14 10:28:00 UTC
student0305@sample.tri-ai.test,Active,Member,5,2026-04-17 11:35:00 UTC
student0306@sample.tri-ai.test,Active,Member,0,2026-04-14 12:42:00 UTC
student0307@sample.tri-ai.test,Active,Member,1,2026-04-17 13:49:00 UTC
student0308@sample.tri-ai.test,Active,Member,2,2026-04-14 14:56:00 UTC
student0309@sample.tri-ai.test,Active,Member,3,2026-04-17 15:03:00 UTC
student0310@sample.tri-ai.test,Active,Member,4,2026-04-14 16:10:00 UTC
student0311@sample.tri-ai.test,Active,Member,5,2026-04-17 17:17:00 UTC
student0312@sample.tri-ai.test,Active,Member,0,2026-04-14 10:24:00 UTC
student0313@sample.tri-ai.test,Active,Member,1,2026-04-17 11:31:00 UTC
student0314@sample.tri-ai.test,Active,Member,2,2026-04-14 12:38:00 UTC
student0315@sample.tri-ai.test,Active,Member,3,2026-04-17 13:45:00 UTC
student0316@sample.tri-ai.test,Active,Member,4,2026-04-14 14:52:00 UTC
student0317@sample.tri-ai.test,Active,Member,5,2026-04-17 15:59:00 UTC
student0318@sample.tri-ai.test,Active,Member,0,2026-04-14 16:06:00 UTC
student0319@sample.tri-ai.test,Active,Member,1,2026-04-17 17:13:00 UTC
student0320@sample.tri-ai.test,Active,Member,2,2026-04-14 10:20:00 UTC
student0321@sample.tri-ai.test,Active,Member,3,2026-04-17 11:27:00 UTC
student0322@sample.tri-ai.test,Active,Member,4,2026-04-14 12:34:00 UTC
student0323@sample.tri-ai.test,Active,Member,5,2026-04-17 13:41:00 UTC
student0324@sample.tri-ai.test,Active,Member,0,2026-04-14 14:48:00 UTC
student0325@sample.tri-ai.test,Active,Member,1,2026-04-17 15:55:00 UTC
student0326@sample.tri-ai.test,Active,Member,2,2026-04-14 16:02:00 UTC
student0327@sample.tri-ai.test,Active,Member,3,2026-04-17 17:09:00 UTC
student0328@sample.tri-ai.test,Active,Member,4,2026-04-14 10:16:00 UTC
student0329@sample.tri-ai.test,Active,Member,5,2026-04-17 11:23:00 UTC
student0330@sample.tri-ai.test,Active,Member,0,2026-04-14 12:30:00 UTC
student0331@sample.tri-ai.test,Active,Member,1,2026-04-17 13:37:00 UTC
student0332@sample.tri-ai.test,Active,Member,2,2026-04-14 14:44:00 UTC
student0333@sample.tri-ai.test,Active,Member,3,2026-04-17 15:51:00 UTC
student0334@sample.tri-ai.test,Active,Member,4,2026-04-14 16:58:00 UTC
student0335@sample.tri-ai.test,Active,Member,5,2026-04-17 17:05:00 UTC
student0336@sample.tri-ai.test,Active,Member,0,2026-04-14 10:12:00 UTC
student0337@sample.tri-ai.test,Active,Member,1,2026-04-17 11:19:00 UTC
student0338@sample.tri-ai.test,Active,Member,2,2026-04-14 12:26:00 UTC
student0339@sample.tri-ai.test,Active,Member,3,2026-04-17 13:33:00 UTC
student0340@sample.tri-ai.test,Active,Member,4,2026-04-14 14:40:00 UTC
student0341@sample.tri-ai.test,Active,Member,5,2026-04-17 15:47:00 UTC
student0342@sample.tri-ai.test,Active,Member,0,2026-04-14 16:54:00 UTC
student0343@sample.tri-ai.test,Active,Member,1,2026-04-17 17:01:00 UTC
student0344@sample.tri-ai.test,Active,Member,2,2026-04-14 10:08:00 UTC
student0345@sample.tri-ai.test,Active,Member,3,2026-04-17 11:15:00 UTC
student0346@sample.tri-ai.test,Active,Member,4,2026-04-14 12:22:00 UTC
student0347@sample.tri-ai.test,Active,Member,5,2026-04-17 13:29:00 UTC
student0348@sample.tri-ai.test,Active,Member,0,2026-04-14 14:36:00 UTC
student0349@sample.tri-ai.test,Active,Member,1,2026-04-17 15:43:00 UTC
student0350@sample.tri-ai.test,Active,Member,2,2026-04-14 16:50:00 UTC
student0351@sample.tri-ai.test,Active,Member,3,2026-04-17 17:57:00 UTC
student0352@sample.tri-ai.test,Active,Member,4,2026-04-14 10:04:00 UTC
student0353@sample.tri-ai.test,Active,Member,5,2026-04-17 11:11:00 UTC
student0354@sample.tri-ai.test,Active,Member,0,2026-04-14 12:18:00 UTC
student0355@sample.tri-ai.test,Active,Member,1,2026-04-17 13:25:00 UTC
student0356@sample.tri-ai.test,Active,Member,2,2026-04-14 14:32:00 UTC
student0357@sample.tri-ai.test,Active,Member,3,2026-04-17 15:39:00 UTC
student0358@sample.tri-ai.test,Active,Member,4,2026-04-14 16:46:00 UTC
student0359@sample.tri-ai.test,Active,Member,5,2026-04-17 17:53:00 UTC
student0360@sample.tri-ai.test,Active,Member,0,2026-04-14 10:00:00 UTC
student0361@sample.tri-ai.test,Active,Member,1,2026-04-17 11:07:00 UTC
student0362@sample.tri-ai.test,Active,Member,2,2026-04-14 12:14:00 UTC
student0363@sample.tri-ai.test,Active,Member,3,2026-04-17 13:21:00 UTC
student0364@sample.tri-ai.test,Active,Member,4,2026-04-14 14:28:00 UTC
student0365@sample.tri-ai.test,Active,Member,5,2026-04-17 15:35:00 UTC
student0366@sample.tri-ai.test,Active,Member,0,2026-04-14 16:42:00 UTC
student0367@sample.tri-ai.test,Active,Member,1,2026-04-17 17:49:00 UTC
student0368@sample.tri-ai.test,Active,Member,2,2026-04-14 10:56:00 UTC
student0369@sample.tri-ai.test,Active,Member,3,2026-04-17 11:03:00 UTC
student0370@sample.tri-ai.test,Active,Member,4,2026-04-14 12:10:00 UTC
student0371@sample.tri-ai.test,Active,Member,5,2026-04-17 13:17:00 UTC
student0372@sample.tri-ai.test,Active,Member,0,2026-04-14 14:24:00 UTC
student0373@sample.tri-ai.test,Active,Member,1,2026-04-17 15:31:00 UTC
student0374@sample.tri-ai.test,Active,Member,2,2026-04-14 16:38:00 UTC
student0375@sample.tri-ai.test,Active,Member,3,2026-04-17 17:45:00 UTC
student0376@sample.tri-ai.test,Active,Member,4,2026-04-14 10:52:00 UTC
student0377@sample.tri-ai.test,Active,Member,5,2026-04-17 11:59:00 UTC
student0378@sample.tri-ai.test,Active,Member,0,2026-04-14 12:06:00 UTC
student0379@sample.tri-ai.test,Active,Member,1,2026-04-17 13:13:00 UTC
student0380@sample.tri-ai.test,Active,Member,2,2026-04-14 14:20:00 UTC
student0381@sample.tri-ai.test,Active,Member,3,2026-04-17 15:27:00 UTC
student0382@sample.tri-ai.test,Active,Member,4,2026-04-14 16:34:00 UTC
student0383@sample.tri-ai.test,Active,Member,5,2026-04-17 17:41:00 UTC
student0384@sample.tri-ai.test,Active,Member,0,2026-04-14 10:48:00 UTC
student0385@sample.tri-ai.test,Active,Member,1,2026-04-17 11:55:00 UTC
student0386@sample.tri-ai.test,Active,Member,2,2026-04-14 12:02:00 UTC
student0387@sample.tri-ai.test,Active,Member,3,2026-04-17 13:09:00 UTC
student0388@sample.tri-ai.test,Active,Member,4,2026-04-14 14:16:00 UTC
student0389@sample.tri-ai.test,Active,Member,5,2026-04-17 15:23:00 UTC
student0390@sample.tri-ai.test,Active,Member,0,2026-04-14 16:30:00 UTC
student0391@sample.tri-ai.test,Active,Member,1,2026-04-17 17:37:00 UTC
student0392@sample.tri-ai.test,Active,Member,2,2026-04-14 10:44:00 UTC
student0393@sample.tri-ai.test,Active,Member,3,2026-04-17 11:51:00 UTC
student0394@sample.tri-ai.test,Active,Member,4,2026-04-14 12:58:00 UTC
student0395@sample.tri-ai.test,Active,Member,5,2026-04-17 13:05:00 UTC
student0396@sample.tri-ai.test,Active,Member,0,2026-04-14 14:12:00 UTC
student0397@sample.tri-ai.test,Active,Member,1,2026-04-17 15:19:00 UTC
student0398@sample.tri-ai.test,Active,Member,2,2026-04-14 16:26:00 UTC
student0399@sample.tri-ai.test,Active,Member,3,2026-04-17 17:33:00 UTC
student0400@sample.tri-ai.test,Active,Member,4,2026-04-14 10:40:00 UTC
student0401@sample.tri-ai.test,Active,Member,5,2026-04-17 11:47:00 UTC
student0402@sample.tri-ai.test,Active,Member,0,2026-04-14 12:54:00 UTC
student0403@sample.tri-ai.test,Active,Member,1,2026-04-17 13:01:00 UTC
student0404@sample.tri-ai.test,Active,Member,2,2026-04-14 14:08:00 UTC
student0405@sample.tri-ai.test,Active,Member,3,2026-04-17 15:15:00 UTC
student0406@sample.tri-ai.test,Active,Member,4,2026-04-14 16:22:00 UTC
student0407@sample.tri-ai.test,Active,Member,5,2026-04-17 17:29:00 UTC
student0408@sample.tri-ai.test,Active,Member,0,2026-04-14 10:36:00 UTC
student0409@sample.tri-ai.test,Active,Member,1,2026-04-17 11:43:00 UTC
student0410@sample.tri-ai.test,Active,Member,2,2026-04-14 12:50:00 UTC
student0411@sample.tri-ai.test,Active,Member,3,2026-04-17 13:57:00 UTC
student0412@sample.tri-ai.test,Active,Member,4,2026-04-14 14:04:00 UTC
student0413@sample.tri-ai.test,Active,Member,5,2026-04-17 15:11:00 UTC
student0414@sample.tri-ai.test,Active,Member,0,2026-04-14 16:18:00 UTC
student0415@sample.tri-ai.test,Active,Member,1,2026-04-17 17:25:00 UTC
student0416@sample.tri-ai.test,Active,Member,2,2026-04-14 10:32:00 UTC
student0417@sample.tri-ai.test,Active,Member,3,2026-04-17 11:39:00 UTC
student0418@sample.tri-ai.test,Active,Member,4,2026-04-14 12:46:00 UTC
student0419@sample.tri-ai.test,Active,Member,5,2026-04-17 13:53:00 UTC
student0420@sample.tri-ai.test,Active,Member,0,2026-04-14 14:00:00 UTC
student0421@sample.tri-ai.test,Active,Member,1,2026-04-17 15:07:00 UTC
student0422@sample.tri-ai.test,Active,Member,2,2026-04-14 16:14:00 UTC
student0423@sample.tri-ai.test,Active,Member,3,2026-04-17 17:21:00 UTC
student0424@sample.tri-ai.test,Active,Member,4,2026-04-14 10:28:00 UTC
student0425@sample.tri-ai.test,Active,Member,5,2026-04-17 11:35:00 UTC
student0426@sample.tri-ai.test,Active,Member,0,2026-04-14 12:42:00 UTC
student0427@sample.tri-ai.test,Active,Member,1,2026-04-17 13:49:00 UTC
student0428@sample.tri-ai.test,Active,Member,2,2026-04-14 14:56:00 UTC
student0429@sample.tri-ai.test,Active,Member,3,2026-04-17 15:03:00 UTC
student0430@sample.tri-ai.test,Active,Member,4,2026-04-14 16:10:00 UTC
student0431@sample.tri-ai.test,Active,Member,5,2026-04-17 17:17:00 UTC
student0432@sample.tri-ai.test,Active,Member,0,2026-04-14 10:24:00 UTC
student0433@sample.tri-ai.test,Active,Member,1,2026-04-17 11:31:00 UTC
student0434@sample.tri-ai.test,Active,Member,2,2026-04-14 12:38:00 UTC
student0435@sample.tri-ai.test,Active,Member,3,2026-04-17 13:45:00 UTC
student0436@sample.tri-ai.test,Active,Member,4,2026-04-14 14:52:00 UTC
student0437@sample.tri-ai.test,Active,Member,5,2026-04-17 15:59:00 UTC
student0438@sample.tri-ai.test,Active,Member,0,2026-04-14 16:06:00 UTC
student0439@sample.tri-ai.test,Active,Member,1,2026-04-17 17:13:00 UTC
student0440@sample.tri-ai.test,Active,Member,2,2026-04-14 10:20:00 UTC
student0441@sample.tri-ai.test,Active,Member,3,2026-04-17 11:27:00 UTC
student0442@sample.tri-ai.test,Active,Member,4,2026-04-14 12:34:00 UTC
student0443@sample.tri-ai.test,Active,Member,5,2026-04-17 13:41:00 UTC
student0444@sample.tri-ai.test,Active,Member,0,2026-04-14 14:48:00 UTC
student0445@sample.tri-ai.test,Active,Member,1,2026-04-17 15:55:00 UTC
student0446@sample.tri-ai.test,Active,Member,2,2026-04-14 16:02:00 UTC
student0447@sample.tri-ai.test,Active,Member,3,2026-04-17 17:09:00 UTC
student0448@sample.tri-ai.test,Active,Member,4,2026-04-14 10:16:00 UTC
student0449@sample.tri-ai.test,Active,Member,5,2026-04-17 11:23:00 UTC
student0450@sample.tri-ai.test,Active,Member,0,2026-04-14 12:30:00 UTC
student0451@sample.tri-ai.test,Active,Member,1,2026-04-17 13:37:00 UTC
student0452@sample.tri-ai.test,Active,Member,2,2026-04-14 14:44:00 UTC
student0453@sample.tri-ai.test,Active,Member,3,2026-04-17 15:51:00 UTC
student0454@sample.tri-ai.test,Active,Member,4,2026-04-14 16:58:00 UTC
student0455@sample.tri-ai.test,Active,Member,5,2026-04-17 17:05:00 UTC
student0456@sample.tri-ai.test,Active,Member,0,2026-04-14 10:12:00 UTC
student0457@sample.tri-ai.test,Active,Member,1,2026-04-17 11:19:00 UTC
student0458@sample.tri-ai.test,Active,Member,2,2026-04-14 12:26:00 UTC
student0459@sample.tri-ai.test,Active,Member,3,2026-04-17 13:33:00 UTC
student0460@sample.tri-ai.test,Active,Member,4,2026-04-14 14:40:00 UTC
student0461@sample.tri-ai.test,Active,Member,5,2026-04-17 15:47:00 UTC
student0462@sample.tri-ai.test,Active,Member,0,2026-04-14 16:54:00 UTC
student0463@sample.tri-ai.test,Active,Member,1,2026-04-17 17:01:00 UTC
student0464@sample.tri-ai.test,Active,Member,2,2026-04-14 10:08:00 UTC
student0465@sample.tri-ai.test,Active,Member,3,2026-04-17 11:15:00 UTC
student0466@sample.tri-ai.test,Active,Member,4,2026-04-14 12:22:00 UTC
student0467@sample.tri-ai.test,Active,Member,5,2026-04-17 13:29:00 UTC
student0468@sample.tri-ai.test,Active,Member,0,2026-04-14 14:36:00 UTC
student0469@sample.tri-ai.test,Active,Member,1,2026-04-17 15:43:00 UTC
student0470@sample.tri-ai.test,Active,Member,2,2026-04-14 16:50:00 UTC
student0471@sample.tri-ai.test,Active,Member,3,2026-04-17 17:57:00 UTC
student0472@sample.tri-ai.test,Active,Member,4,2026-04-14 10:04:00 UTC
student0473@sample.tri-ai.test,Active,Member,5,2026-04-17 11:11:00 UTC
student0474@sample.tri-ai.test,Active,Member,0,2026-04-14 12:18:00 UTC
student0475@sample.tri-ai.test,Active,Member,1,2026-04-17 13:25:00 UTC
student0476@sample.tri-ai.test,Active,Member,2,2026-04-14 14:32:00 UTC
student0477@sample.tri-ai.test,Active,Member,3,2026-04-17 15:39:00 UTC
student0478@sample.tri-ai.test,Active,Member,4,2026-04-14 16:46:00 UTC
student0479@sample.tri-ai.test,Active,Member,5,2026-04-17 17:53:00 UTC
student0480@sample.tri-ai.test,Active,Member,0,2026-04-14 10:00:00 UTC
student0481@sample.tri-ai.test,Active,Member,1,2026-04-17 11:07:00 UTC
student0482@sample.tri-ai.test,Active,Member,2,2026-04-14 12:14:00 UTC
student0483@sample.tri-ai.test,Active,Member,3,2026-04-17 13:21:00 UTC
student0484@sample.tri-ai.test,Active,Member,4,2026-04-14 14:28:00 UTC
student0485@sample.tri-ai.test,Active,Member,5,2026-04-17 15:35:00 UTC
student0486@sample.tri-ai.test,Active,Member,0,2026-04-14 16:42:00 UTC
student0487@sample.tri-ai.test,Active,Member,1,2026-04-17 17:49:00 UTC
student0488@sample.tri-ai.test,Active,Member,2,2026-04-14 10:56:00 UTC
student0489@sample.tri-ai.test,Active,Member,3,2026-04-17 11:03:00 UTC
student0490@sample.tri-ai.test,Active,Member,4,2026-04-14 12:10:00 UTC
student0491@sample.tri-ai.test,Active,Member,5,2026-04-17 13:17:00 UTC
student0492@sample.tri-ai.test,Active,Member,0,2026-04-14 14:24:00 UTC
student0493@sample.tri-ai.test,Active,Member,1,2026-04-17 15:31:00 UTC
student0494@sample.tri-ai.test,Active,Member,2,2026-04-14 16:38:00 UTC
student0495@sample.tri-ai.test,Active,Member,3,2026-04-17 17:45:00 UTC
student0496@sample.tri-ai.test,Active,Member,4,2026-04-14 10:52:00 UTC
student0497@sample.tri-ai.test,Active,Member,5,2026-04-17 11:59:00 UTC
student0498@sample.tri-ai.test,Active,Member,0,2026-04-14 12:06:00 UTC
student0499@sample.tri-ai.test,Active,Member,1,2026-04-17 13:13:00 UTC
student0500@sample.tri-ai.test,Active,Member,2,2026-04-14 14:20:00 UTC
student0501@sample.tri-ai.test,Active,Member,3,2026-04-17 15:27:00 UTC
student0502@sample.tri-ai.test,Active,Member,4,2026-04-14 16:34:00 UTC
student0503@sample.tri-ai.test,Active,Member,5,2026-04-17 17:41:00 UTC
student0504@sample.tri-ai.test,Active,Member,0,2026-04-14 10:48:00 UTC
student0505@sample.tri-ai.test,Active,Member,1,2026-04-17 11:55:00 UTC
student0506@sample.tri-ai.test,Active,Member,2,2026-04-14 12:02:00 UTC
student0507@sample.tri-ai.test,Active,Member,3,2026-04-17 13:09:00 UTC
student0508@sample.tri-ai.test,Active,Member,4,2026-04-14 14:16:00 UTC
student0509@sample.tri-ai.test,Active,Member,5,2026-04-17 15:23:00 UTC
student0510@sample.tri-ai.test,Active,Member,0,2026-04-14 16:30:00 UTC
student0511@sample.tri-ai.test,Active,Member,1,2026-04-17 17:37:00 UTC
student0512@sample.tri-ai.test,Active,Member,2,2026-04-14 10:44:00 UTC
student0513@sample.tri-ai.test,Active,Member,3,2026-04-17 11:51:00 UTC
student0514@sample.tri-ai.test,Active,Member,4,2026-04-14 12:58:00 UTC
student0515@sample.tri-ai.test,Active,Member,5,2026-04-17 13:05:00 UTC
student0516@sample.tri-ai.test,Active,Member,0,2026-04-14 14:12:00 UTC
student0517@sample.tri-ai.test,Active,Member,1,2026-04-17 15:19:00 UTC
student0518@sample.tri-ai.test,Active,Member,2,2026-04-14 16:26:00 UTC
student0519@sample.tri-ai.test,Active,Member,3,2026-04-17 17:33:00 UTC
student0520@sample.tri-ai.test,Active,Member,4,2026-04-14 10:40:00 UTC
student0521@sample.tri-ai.test,Active,Member,5,2026-04-17 11:47:00 UTC
student0522@sample.tri-ai.test,Active,Member,0,2026-04-14 12:54:00 UTC
student0523@sample.tri-ai.test,Active,Member,1,2026-04-17 13:01:00 UTC
student0524@sample.tri-ai.test,Active,Member,2,2026-04-14 14:08:00 UTC
student0525@sample.tri-ai.test,Active,Member,3,2026-04-17 15:15:00 UTC
student0526@sample.tri-ai.test,Active,Member,4,2026-04-14 16:22:00 UTC
student0527@sample.tri-ai.test,Active,Member,5,2026-04-17 17:29:00 UTC
student0528@sample.tri-ai.test,Active,Member,0,2026-04-14 10:36:00 UTC
student0529@sample.tri-ai.test,Active,Member,1,2026-04-17 11:43:00 UTC
student0530@sample.tri-ai.test,Active,Member,2,2026-04-14 12:50:00 UTC
student0531@sample.tri-ai.test,Active,Member,3,2026-04-17 13:57:00 UTC
student0532@sample.tri-ai.test,Active,Member,4,2026-04-14 14:04:00 UTC
student0533@sample.tri-ai.test,Active,Member,5,2026-04-17 15:11:00 UTC
student0534@sample.tri-ai.test,Active,Member,0,2026-04-14 16:18:00 UTC
student0535@sample.tri-ai.test,Active,Member,1,2026-04-17 17:25:00 UTC
student0536@sample.tri-ai.test,Active,Member,2,2026-04-14 10:32:00 UTC
student0537@sample.tri-ai.test,Active,Member,3,2026-04-17 11:39:00 UTC
student0538@sample.tri-ai.test,Active,Member,4,2026-04-14 12:46:00 UTC
student0539@sample.tri-ai.test,Active,Member,5,2026-04-17 13:53:00 UTC
student0540@sample.tri-ai.test,Active,Member,0,2026-04-14 14:00:00 UTC
student0541@sample.tri-ai.test,Active,Member,1,2026-04-17 15:07:00 UTC
student0542@sample.tri-ai.test,Active,Member,2,2026-04-14 16:14:00 UTC
student0543@sample.tri-ai.test,Active,Member,3,2026-04-17 17:21:00 UTC
student0544@sample.tri-ai.test,Active,Member,4,2026-04-14 10:28:00 UTC
student0545@sample.tri-ai.test,Active,Member,5,2026-04-17 11:35:00 UTC
student0546@sample.tri-ai.test,Active,Member,0,2026-04-14 12:42:00 UTC
student0547@sample.tri-ai.test,Active,Member,1,2026-04-17 13:49:00 UTC
student0548@sample.tri-ai.test,Active,Member,2,2026-04-14 14:56:00 UTC
student0549@sample.tri-ai.test,Active,Member,3,2026-04-17 15:03:00 UTC
student0550@sample.tri-ai.test,Active,Member,4,2026-04-14 16:10:00 UTC
student0551@sample.tri-ai.test,Active,Member,5,2026-04-17 17:17:00 UTC
student0552@sample.tri-ai.test,Active,Member,0,2026-04-14 10:24:00 UTC
student0553@sample.tri-ai.test,Active,Member,1,2026-04-17 11:31:00 UTC
student0554@sample.tri-ai.test,Active,Member,2,2026-04-14 12:38:00 UTC
student0555@sample.tri-ai.test,Active,Member,3,2026-04-17 13:45:00 UTC
student0556@sample.tri-ai.test,Active,Member,4,2026-04-14 14:52:00 UTC
student0557@sample.tri-ai.test,Active,Member,5,2026-04-17 15:59:00 UTC
student0558@sample.tri-ai.test,Active,Member,0,2026-04-14 16:06:00 UTC
student0559@sample.tri-ai.test,Active,Member,1,2026-04-17 17:13:00 UTC
student0560@sample.tri-ai.test,Active,Member,2,2026-04-14 10:20:00 UTC
student0561@sample.tri-ai.test,Active,Member,3,2026-04-17 11:27:00 UTC
student0562@sample.tri-ai.test,Active,Member,4,2026-04-14 12:34:00 UTC
student0563@sample.tri-ai.test,Active,Member,5,2026-04-17 13:41:00 UTC
student0564@sample.tri-ai.test,Active,Member,0,2026-04-14 14:48:00 UTC
student0565@sample.tri-ai.test,Active,Member,1,2026-04-17 15:55:00 UTC
student0566@sample.tri-ai.test,Active,Member,2,2026-04-14 16:02:00 UTC
student0567@sample.tri-ai.test,Active,Member,3,2026-04-17 17:09:00 UTC
student0568@sample.tri-ai.test,Active,Member,4,2026-04-14 10:16:00 UTC
student0569@sample.tri-ai.test,Active,Member,5,2026-04-17 11:23:00 UTC
student0570@sample.tri-ai.test,Active,Member,0,2026-04-14 12:30:00 UTC
student0571@sample.tri-ai.test,Active,Member,1,2026-04-17 13:37:00 UTC
student0572@sample.tri-ai.test,Active,Member,2,2026-04-14 14:44:00 UTC
student0573@sample.tri-ai.test,Active,Member,3,2026-04-17 15:51:00 UTC
student0574@sample.tri-ai.test,Active,Member,4,2026-04-14 16:58:00 UTC
student0575@sample.tri-ai.test,Active,Member,5,2026-04-17 17:05:00 UTC
student0576@sample.tri-ai.test,Active,Member,0,2026-04-14 10:12:00 UTC
student0577@sample.tri-ai.test,Active,Member,1,2026-04-17 11:19:00 UTC
student0578@sample.tri-ai.test,Active,Member,2,2026-04-14 12:26:00 UTC
student0579@sample.tri-ai.test,Active,Member,3,2026-04-17 13:33:00 UTC
student0580@sample.tri-ai.test,Active,Member,4,2026-04-14 14:40:00 UTC
student0581@sample.tri-ai.test,Active,Member,5,2026-04-17 15:47:00 UTC
student0582@sample.tri-ai.test,Active,Member,0,2026-04-14 16:54:00 UTC
student0583@sample.tri-ai.test,Active,Member,1,2026-04-17 17:01:00 UTC
student0584@sample.tri-ai.test,Active,Member,2,2026-04-14 10:08:00 UTC
student0585@sample.tri-ai.test,Active,Member,3,2026-04-17 11:15:00 UTC
student0586@sample.tri-ai.test,Active,Member,4,2026-04-14 12:22:00 UTC
student0587@sample.tri-ai.test,Active,Member,5,2026-04-17 13:29:00 UTC
student0588@sample.tri-ai.test,Active,Member,0,2026-04-14 14:36:00 UTC
student0589@sample.tri-ai.test,Active,Member,1,2026-04-17 15:43:00 UTC
student0590@sample.tri-ai.test,Active,Member,2,2026-04-14 16:50:00 UTC
student0591@sample.tri-ai.test,Active,Member,3,2026-04-17 17:57:00 UTC
student0592@sample.tri-ai.test,Active,Member,4,2026-04-14 10:04:00 UTC
student0593@sample.tri-ai.test,Active,Member,5,2026-04-17 11:11:00 UTC
student0594@sample.tri-ai.test,Active,Member,0,2026-04-14 12:18:00 UTC
student0595@sample.tri-ai.test,Active,Member,1,2026-04-17 13:25:00 UTC
student0596@sample.tri-ai.test,Active,Member,2,2026-04-14 14:32:00 UTC
student0597@sample.tri-ai.test,Active,Member,3,2026-04-17 15:39:00 UTC
student0598@sample.tri-ai.test,Active,Member,4,2026-04-14 16:46:00 UTC
student0599@sample.tri-ai.test,Active,Member,5,2026-04-17 17:53:00 UTC
student0600@sample.tri-ai.test,Active,Member,0,2026-04-14 10:00:00 UTC
student0601@sample.tri-ai.test,Active,Member,1,2026-04-17 11:07:00 UTC
student0602@sample.tri-ai.test,Active,Member,2,2026-04-14 12:14:00 UTC
student0603@sample.tri-ai.test,Active,Member,3,2026-04-17 13:21:00 UTC
student0604@sample.tri-ai.test,Active,Member,4,2026-04-14 14:28:00 UTC
student0605@sample.tri-ai.test,Active,Member,5,2026-04-17 15:35:00 UTC
student0606@sample.tri-ai.test,Active,Member,0,2026-04-14 16:42:00 UTC
student0607@sample.tri-ai.test,Active,Member,1,2026-04-17 17:49:00 UTC
student0608@sample.tri-ai.test,Active,Member,2,2026-04-14 10:56:00 UTC
student0609@sample.tri-ai.test,Active,Member,3,2026-04-17 11:03:00 UTC
student0610@sample.tri-ai.test,Active,Member,4,2026-04-14 12:10:00 UTC
student0611@sample.tri-ai.test,Active,Member,5,2026-04-17 13:17:00 UTC
student0612@sample.tri-ai.test,Active,Member,0,2026-04-14 14:24:00 UTC
student0613@sample.tri-ai.test,Active,Member,1,2026-04-17 15:31:00 UTC
student0614@sample.tri-ai.test,Active,Member,2,2026-04-14 16:38:00 UTC
student0615@sample.tri-ai.test,Active,Member,3,2026-04-17 17:45:00 UTC
student0616@sample.tri-ai.test,Active,Member,4,2026-04-14 10:52:00 UTC
student0617@sample.tri-ai.test,Active,Member,5,2026-04-17 11:59:00 UTC
student0618@sample.tri-ai.test,Active,Member,0,2026-04-14 12:06:00 UTC
student0619@sample.tri-ai.test,Active,Member,1,2026-04-17 13:13:00 UTC
student0620@sample.tri-ai.test,Active,Member,2,2026-04-14 14:20:00 UTC
student0621@sample.tri-ai.test,Active,Member,3,2026-04-17 15:27:00 UTC
student0622@sample.tri-ai.test,Active,Member,4,2026-04-14 16:34:00 UTC
student0623@sample.tri-ai.test,Active,Member,5,2026-04-17 17:41:00 UTC
student0624@sample.tri-ai.test,Active,Member,0,2026-04-14 10:48:00 UTC
student0625@sample.tri-ai.test,Active,Member,1,2026-04-17 11:55:00 UTC
student0626@sample.tri-ai.test,Active,Member,2,2026-04-14 12:02:00 UTC
student0627@sample.tri-ai.test,Active,Member,3,2026-04-17 13:09:00 UTC
student0628@sample.tri-ai.test,Active,Member,4,2026-04-14 14:16:00 UTC
student0629@sample.tri-ai.test,Active,Member,5,2026-04-17 15:23:00 UTC
student0630@sample.tri-ai.test,Active,Member,0,2026-04-14 16:30:00 UTC
student0631@sample.tri-ai.test,Active,Member,1,2026-04-17 17:37:00 UTC
student0632@sample.tri-ai.test,Active,Member,2,2026-04-14 10:44:00 UTC
student0633@sample.tri-ai.test,Active,Member,3,2026-04-17 11:51:00 UTC
student0634@sample.tri-ai.test,Active,Member,4,2026-04-14 12:58:00 UTC
student0635@sample.tri-ai.test,Active,Member,5,2026-04-17 13:05:00 UTC
student0636@sample.tri-ai.test,Active,Member,0,2026-04-14 14:12:00 UTC
student0637@sample.tri-ai.test,Active,Member,1,2026-04-17 15:19:00 UTC
student0638@sample.tri-ai.test,Active,Member,2,2026-04-14 16:26:00 UTC
student0639@sample.tri-ai.test,Active,Member,3,2026-04-17 17:33:00 UTC
student0640@sample.tri-ai.test,Active,Member,4,2026-04-14 10:40:00 UTC
student0641@sample.tri-ai.test,Active,Member,5,2026-04-17 11:47:00 UTC
student0642@sample.tri-ai.test,Active,Member,0,2026-04-14 12:54:00 UTC
student0643@sample.tri-ai.test,Active,Member,1,2026-04-17 13:01:00 UTC
student0644@sample.tri-ai.test,Active,Member,2,2026-04-14 14:08:00 UTC
student0645@sample.tri-ai.test,Active,Member,3,2026-04-17 15:15:00 UTC
student0646@sample.tri-ai.test,Active,Member,4,2026-04-14 16:22:00 UTC
student0647@sample.tri-ai.test,Active,Member,5,2026-04-17 17:29:00 UTC
student0648@sample.tri-ai.test,Active,Member,0,2026-04-14 10:36:00 UTC
student0649@sample.tri-ai.test,Active,Member,1,2026-04-17 11:43:00 UTC
student0650@sample.tri-ai.test,Active,Member,2,2026-04-14 12:50:00 UTC
student0651@sample.tri-ai.test,Active,Member,3,2026-04-17 13:57:00 UTC
student0652@sample.tri-ai.test,Active,Member,4,2026-04-14 14:04:00 UTC
student0653@sample.tri-ai.test,Active,Member,5,2026-04-17 15:11:00 UTC
student0654@sample.tri-ai.test,Active,Member,0,2026-04-14 16:18:00 UTC
student0655@sample.tri-ai.test,Active,Member,1,2026-04-17 17:25:00 UTC
student0656@sample.tri-ai.test,Active,Member,2,2026-04-14 10:32:00 UTC
student0657@sample.tri-ai.test,Active,Member,3,2026-04-17 11:39:00 UTC
student0658@sample.tri-ai.test,Active,Member,4,2026-04-14 12:46:00 UTC
student0659@sample.tri-ai.test,Active,Member,5,2026-04-17 13:53:00 UTC
student0660@sample.tri-ai.test,Active,Member,0,2026-04-14 14:00:00 UTC
student0661@sample.tri-ai.test,Active,Member,1,2026-04-17 15:07:00 UTC
student0662@sample.tri-ai.test,Active,Member,2,2026-04-14 16:14:00 UTC
student0663@sample.tri-ai.test,Active,Member,3,2026-04-17 17:21:00 UTC
student0664@sample.tri-ai.test,Active,Member,4,2026-04-14 10:28:00 UTC
student0665@sample.tri-ai.test,Active,Member,5,2026-04-17 11:35:00 UTC
student0666@sample.tri-ai.test,Active,Member,0,2026-04-14 12:42:00 UTC
student0667@sample.tri-ai.test,Active,Member,1,2026-04-17 13:49:00 UTC
student0668@sample.tri-ai.test,Active,Member,2,2026-04-14 14:56:00 UTC
student0669@sample.tri-ai.test,Active,Member,3,2026-04-17 15:03:00 UTC
student0670@sample.tri-ai.test,Active,Member,4,2026-04-14 16:10:00 UTC
student0671@sample.tri-ai.test,Active,Member,5,2026-04-17 17:17:00 UTC
student0672@sample.tri-ai.test,Active,Member,0,2026-04-14 10:24:00 UTC
student0673@sample.tri-ai.test,Active,Member,1,2026-04-17 11:31:00 UTC
student0674@sample.tri-ai.test,Active,Member,2,2026-04-14 12:38:00 UTC
student0675@sample.tri-ai.test,Active,Member,3,2026-04-17 13:45:00 UTC
student0676@sample.tri-ai.test,Active,Member,4,2026-04-14 14:52:00 UTC
student0677@sample.tri-ai.test,Active,Member,5,2026-04-17 15:59:00 UTC
student0678@sample.tri-ai.test,Active,Member,0,2026-04-14 16:06:00 UTC
student0679@sample.tri-ai.test,Active,Member,1,2026-04-17 17:13:00 UTC
student0680@sample.tri-ai.test,Active,Member,2,2026-04-14 10:20:00 UTC
student0681@sample.tri-ai.test,Active,Member,3,2026-04-17 11:27:00 UTC
student0682@sample.tri-ai.test,Active,Member,4,2026-04-14 12:34:00 UTC
student0683@sample.tri-ai.test,Active,Member,5,2026-04-17 13:41:00 UTC
student0684@sample.tri-ai.test,Active,Member,0,2026-04-14 14:48:00 UTC
student0685@sample.tri-ai.test,Active,Member,1,2026-04-17 15:55:00 UTC
student0686@sample.tri-ai.test,Active,Member,2,2026-04-14 16:02:00 UTC
student0687@sample.tri-ai.test,Active,Member,3,2026-04-17 17:09:00 UTC
student0688@sample.tri-ai.test,Active,Member,4,2026-04-14 10:16:00 UTC
student0689@sample.tri-ai.test,Active,Member,5,2026-04-17 11:23:00 UTC
student0690@sample.tri-ai.test,Active,Member,0,2026-04-14 12:30:00 UTC
student0691@sample.tri-ai.test,Active,Member,1,2026-04-17 13:37:00 UTC
student0692@sample.tri-ai.test,Active,Member,2,2026-04-14 14:44:00 UTC
student0693@sample.tri-ai.test,Active,Member,3,2026-04-17 15:51:00 UTC
student0694@sample.tri-ai.test,Active,Member,4,2026-04-14 16:58:00 UTC
student0695@sample.tri-ai.test,Active,Member,5,2026-04-17 17:05:00 UTC
student0696@sample.tri-ai.test,Active,Member,0,2026-04-14 10:12:00 UTC
student0697@sample.tri-ai.test,Active,Member,1,2026-04-17 11:19:00 UTC
student0698@sample.tri-ai.test,Active,Member,2,2026-04-14 12:26:00 UTC
student0699@sample.tri-ai.test,Active,Member,3,2026-04-17 13:33:00 UTC
student0700@sample.tri-ai.test,Active,Member,4,2026-04-14 14:40:00 UTC
student0701@sample.tri-ai.test,Active,Member,5,2026-04-17 15:47:00 UTC
student0702@sample.tri-ai.test,Active,Member,0,2026-04-14 16:54:00 UTC
student0703@sample.tri-ai.test,Active,Member,1,2026-04-17 17:01:00 UTC
student0704@sample.tri-ai.test,Active,Member,2,2026-04-14 10:08:00 UTC
student0705@sample.tri-ai.test,Active,Member,3,2026-04-17 11:15:00 UTC
student0706@sample.tri-ai.test,Active,Member,4,2026-04-14 12:22:00 UTC
student0707@sample.tri-ai.test,Active,Member,5,2026-04-17 13:29:00 UTC
student0708@sample.tri-ai.test,Active,Member,0,2026-04-14 14:36:00 UTC
student0709@sample.tri-ai.test,Active,Member,1,2026-04-17 15:43:00 UTC
student0710@sample.tri-ai.test,Active,Member,2,2026-04-14 16:50:00 UTC
student0711@sample.tri-ai.test,Active,Member,3,2026-04-17 17:57:00 UTC
student0712@sample.tri-ai.test,Active,Member,4,2026-04-14 10:04:00 UTC
student0713@sample.tri-ai.test,Active,Member,5,2026-04-17 11:11:00 UTC
student0714@sample.tri-ai.test,Active,Member,0,2026-04-14 12:18:00 UTC
student0715@sample.tri-ai.test,Active,Member,1,2026-04-17 13:25:00 UTC
student0716@sample.tri-ai.test,Active,Member,2,2026-04-14 14:32:00 UTC
student0717@sample.tri-ai.test,Active,Member,3,2026-04-17 15:39:00 UTC
student0718@sample.tri-ai.test,Active,Member,4,2026-04-14 16:46:00 UTC
student0719@sample.tri-ai.test,Active,Member,5,2026-04-17 17:53:00 UTC
student0720@sample.tri-ai.test,Active,Member,0,2026-04-14 10:00:00 UTC
student0721@sample.tri-ai.test,Active,Member,1,2026-04-17 11:07:00 UTC
student0722@sample.tri-ai.test,Active,Member,2,2026-04-14 12:14:00 UTC
student0723@sample.tri-ai.test,Active,Member,3,2026-04-17 13:21:00 UTC
student0724@sample.tri-ai.test,Active,Member,4,2026-04-14 14:28:00 UTC
student0725@sample.tri-ai.test,Active,Member,5,2026-04-17 15:35:00 UTC
student0726@sample.tri-ai.test,Active,Member,0,2026-04-14 16:42:00 UTC
student0727@sample.tri-ai.test,Active,Member,1,2026-04-17 17:49:00 UTC
student0728@sample.tri-ai.test,Active,Member,2,2026-04-14 10:56:00 UTC
student0729@sample.tri-ai.test,Active,Member,3,2026-04-17 11:03:00 UTC
student0730@sample.tri-ai.test,Active,Member,4,2026-04-14 12:10:00 UTC
student0731@sample.tri-ai.test,Active,Member,5,2026-04-17 13:17:00 UTC
student0732@sample.tri-ai.test,Active,Member,0,2026-04-14 14:24:00 UTC
student0733@sample.tri-ai.test,Active,Member,1,2026-04-17 15:31:00 UTC
student0734@sample.tri-ai.test,Active,Member,2,2026-04-14 16:38:00 UTC
student0735@sample.tri-ai.test,Active,Member,3,2026-04-17 17:45:00 UTC
student0736@sample.tri-ai.test,Active,Member,4,2026-04-14 10:52:00 UTC
student0737@sample.tri-ai.test,Active,Member,5,2026-04-17 11:59:00 UTC
student0738@sample.tri-ai.test,Active,Member,0,2026-04-14 12:06:00 UTC
student0739@sample.tri-ai.test,Active,Member,1,2026-04-17 13:13:00 UTC
student0740@sample.tri-ai.test,Active,Member,2,2026-04-14 14:20:00 UTC
student0741@sample.tri-ai.test,Active,Member,3,2026-04-17 15:27:00 UTC
student0742@sample.tri-ai.test,Active,Member,4,2026-04-14 16:34:00 UTC
student0743@sample.tri-ai.test,Active,Member,5,2026-04-17 17:41:00 UTC
student0744@sample.tri-ai.test,Active,Member,0,2026-04-14 10:48:00 UTC
student0745@sample.tri-ai.test,Active,Member,1,2026-04-17 11:55:00 UTC
student0746@sample.tri-ai.test,Active,Member,2,2026-04-14 12:02:00 UTC
student0747@sample.tri-ai.test,Active,Member,3,2026-04-17 13:09:00 UTC
student0748@sample.tri-ai.test,Active,Member,4,2026-04-14 14:16:00 UTC
student0749@sample.tri-ai.test,Active,Member,5,2026-04-17 15:23:00 UTC
student0750@sample.tri-ai.test,Active,Member,0,2026-04-14 16:30:00 UTC
student0751@sample.tri-ai.test,Active,Member,1,2026-04-17 17:37:00 UTC
student0752@sample.tri-ai.test,Active,Member,2,2026-04-14 10:44:00 UTC
student0753@sample.tri-ai.test,Active,Member,3,2026-04-17 11:51:00 UTC
student0754@sample.tri-ai.test,Active,Member,4,2026-04-14 12:58:00 UTC
student0755@sample.tri-ai.test,Active,Member,5,2026-04-17 13:05:00 UTC
student0756@sample.tri-ai.test,Active,Member,0,2026-04-14 14:12:00 UTC
student0757@sample.tri-ai.test,Active,Member,1,2026-04-17 15:19:00 UTC
student0758@sample.tri-ai.test,Active,Member,2,2026-04-14 16:26:00 UTC
student0759@sample.tri-ai.test,Active,Member,3,2026-04-17 17:33:00 UTC
student0760@sample.tri-ai.test,Active,Member,4,2026-04-14 10:40:00 UTC
student0761@sample.tri-ai.test,Active,Member,5,2026-04-17 11:47:00 UTC
student0762@sample.tri-ai.test,Active,Member,0,2026-04-14 12:54:00 UTC
student0763@sample.tri-ai.test,Active,Member,1,2026-04-17 13:01:00 UTC
student0764@sample.tri-ai.test,Active,Member,2,2026-04-14 14:08:00 UTC
student0765@sample.tri-ai.test,Active,Member,3,2026-04-17 15:15:00 UTC
student0766@sample.tri-ai.test,Active,Member,4,2026-04-14 16:22:00 UTC
student0767@sample.tri-ai.test,Active,Member,5,2026-04-17 17:29:00 UTC
student0768@sample.tri-ai.test,Active,Member,0,2026-04-14 10:36:00 UTC
student0769@sample.tri-ai.test,Active,Member,1,2026-04-17 11:43:00 UTC
student0770@sample.tri-ai.test,Active,Member,2,2026-04-14 12:50:00 UTC
student0771@sample.tri-ai.test,Active,Member,3,2026-04-17 13:57:00 UTC
student0772@sample.tri-ai.test,Active,Member,4,2026-04-14 14:04:00 UTC
student0773@sample.tri-ai.test,Active,Member,5,2026-04-17 15:11:00 UTC
student0774@sample.tri-ai.test,Active,Member,0,2026-04-14 16:18:00 UTC
student0775@sample.tri-ai.test,Active,Member,1,2026-04-17 17:25:00 UTC
student0776@sample.tri-ai.test,Active,Member,2,2026-04-14 10:32:00 UTC
student0777@sample.tri-ai.test,Active,Member,3,2026-04-17 11:39:00 UTC
student0778@sample.tri-ai.test,Active,Member,4,2026-04-14 12:46:00 UTC
student0779@sample.tri-ai.test,Active,Member,5,2026-04-17 13:53:00 UTC
student0780@sample.tri-ai.test,Active,Member,0,2026-04-14 14:00:00 UTC
student0781@sample.tri-ai.test,Active,Member,1,2026-04-17 15:07:00 UTC
student0782@sample.tri-ai.test,Active,Member,2,2026-04-14 16:14:00 UTC
student0783@sample.tri-ai.test,Active,Member,3,2026-04-17 17:21:00 UTC
student0784@sample.tri-ai.test,Active,Member,4,2026-04-14 10:28:00 UTC
student0785@sample.tri-ai.test,Active,Member,5,2026-04-17 11:35:00 UTC
student0786@sample.tri-ai.test,Active,Member,0,2026-04-14 12:42:00 UTC
student0787@sample.tri-ai.test,Active,Member,1,2026-04-17 13:49:00 UTC
student0788@sample.tri-ai.test,Active,Member,2,2026-04-14 14:56:00 UTC
student0789@sample.tri-ai.test,Active,Member,3,2026-04-17 15:03:00 UTC
student0790@sample.tri-ai.test,Active,Member,4,2026-04-14 16:10:00 UTC
student0791@sample.tri-ai.test,Active,Member,5,2026-04-17 17:17:00 UTC
student0792@sample.tri-ai.test,Active,Member,0,2026-04-14 10:24:00 UTC
student0793@sample.tri-ai.test,Active,Member,1,2026-04-17 11:31:00 UTC
student0794@sample.tri-ai.test,Active,Member,2,2026-04-14 12:38:00 UTC
student0795@sample.tri-ai.test,Active,Member,3,2026-04-17 13:45:00 UTC
student0796@sample.tri-ai.test,Active,Member,4,2026-04-14 14:52:00 UTC
student0797@sample.tri-ai.test,Active,Member,5,2026-04-17 15:59:00 UTC
student0798@sample.tri-ai.test,Active,Member,0,2026-04-14 16:06:00 UTC
student0799@sample.tri-ai.test,Active,Member,1,2026-04-17 17:13:00 UTC
student0800@sample.tri-ai.test,Active,Member,2,2026-04-14 10:20:00 UTC
student0801@sample.tri-ai.test,Active,Member,3,2026-04-17 11:27:00 UTC
student0802@sample.tri-ai.test,Active,Member,4,2026-04-14 12:34:00 UTC
student0803@sample.tri-ai.test,Active,Member,5,2026-04-17 13:41:00 UTC
student0804@sample.tri-ai.test,Active,Member,0,2026-04-14 14:48:00 UTC
student0805@sample.tri-ai.test,Active,Member,1,2026-04-17 15:55:00 UTC
student0806@sample.tri-ai.test,Active,Member,2,2026-04-14 16:02:00 UTC
student0807@sample.tri-ai.test,Active,Member,3,2026-04-17 17:09:00 UTC
student0808@sample.tri-ai.test,Active,Member,4,2026-04-14 10:16:00 UTC
student0809@sample.tri-ai.test,Active,Member,5,2026-04-17 11:23:00 UTC
student0810@sample.tri-ai.test,Active,Member,0,2026-04-14 12:30:00 UTC
student0811@sample.tri-ai.test,Active,Member,1,2026-04-17 13:37:00 UTC
student0812@sample.tri-ai.test,Active,Member,2,2026-04-14 14:44:00 UTC
student0813@sample.tri-ai.test,Active,Member,3,2026-04-17 15:51:00 UTC
student0814@sample.tri-ai.test,Active,Member,4,2026-04-14 16:58:00 UTC
student0815@sample.tri-ai.test,Active,Member,5,2026-04-17 17:05:00 UTC
student0816@sample.tri-ai.test,Active,Member,0,2026-04-14 10:12:00 UTC
student0817@sample.tri-ai.test,Active,Member,1,2026-04-17 11:19:00 UTC
student0818@sample.tri-ai.test,Active,Member,2,2026-04-14 12:26:00 UTC
student0819@sample.tri-ai.test,Active,Member,3,2026-04-17 13:33:00 UTC
student0820@sample.tri-ai.test,Active,Member,4,2026-04-14 14:40:00 UTC
student0821@sample.tri-ai.test,Active,Member,5,2026-04-17 15:47:00 UTC
student0822@sample.tri-ai.test,Active,Member,0,2026-04-14 16:54:00 UTC
student0823@sample.tri-ai.test,Active,Member,1,2026-04-17 17:01:00 UTC
student0824@sample.tri-ai.test,Active,Member,2,2026-04-14 10:08:00 UTC
student0825@sample.tri-ai.test,Active,Member,3,2026-04-17 11:15:00 UTC
student0826@sample.tri-ai.test,Active,Member,4,2026-04-14 12:22:00 UTC
student0827@sample.tri-ai.test,Active,Member,5,2026-04-17 13:29:00 UTC
student0828@sample.tri-ai.test,Active,Member,0,2026-04-14 14:36:00 UTC
student0829@sample.tri-ai.test,Active,Member,1,2026-04-17 15:43:00 UTC
student0830@sample.tri-ai.test,Active,Member,2,2026-04-14 16:50:00 UTC
student0831@sample.tri-ai.test,Active,Member,3,2026-04-17 17:57:00 UTC
student0832@sample.tri-ai.test,Active,Member,4,2026-04-14 10:04:00 UTC
student0833@sample.tri-ai.test,Active,Member,5,2026-04-17 11:11:00 UTC
student0834@sample.tri-ai.test,Active,Member,0,2026-04-14 12:18:00 UTC
student0835@sample.tri-ai.test,Active,Member,1,2026-04-17 13:25:00 UTC
student0836@sample.tri-ai.test,Active,Member,2,2026-04-14 14:32:00 UTC
student0837@sample.tri-ai.test,Active,Member,3,2026-04-17 15:39:00 UTC
student0838@sample.tri-ai.test,Active,Member,4,2026-04-14 16:46:00 UTC
student0839@sample.tri-ai.test,Active,Member,5,2026-04-17 17:53:00 UTC
student0840@sample.tri-ai.test,Active,Member,0,2026-04-14 10:00:00 UTC
student0841@sample.tri-ai.test,Active,Member,1,2026-04-17 11:07:00 UTC
student0842@sample.tri-ai.test,Active,Member,2,2026-04-14 12:14:00 UTC
student0843@sample.tri-ai.test,Active,Member,3,2026-04-17 13:21:00 UTC
student0844@sample.tri-ai.test,Active,Member,4,2026-04-14 14:28:00 UTC
student0845@sample.tri-ai.test,Active,Member,5,2026-04-17 15:35:00 UTC
student0846@sample.tri-ai.test,Active,Member,0,2026-04-14 16:42:00 UTC
student0847@sample.tri-ai.test,Active,Member,1,2026-04-17 17:49:00 UTC
student0848@sample.tri-ai.test,Active,Member,2,2026-04-14 10:56:00 UTC
student0849@sample.tri-ai.test,Active,Member,3,2026-04-17 11:03:00 UTC
student0850@sample.tri-ai.test,Active,Member,4,2026-04-14 12:10:00 UTC
student0851@sample.tri-ai.test,Active,Member,5,2026-04-17 13:17:00 UTC
student0852@sample.tri-ai.test,Active,Member,0,2026-04-14 14:24:00 UTC
student0853@sample.tri-ai.test,Active,Member,1,2026-04-17 15:31:00 UTC
student0854@sample.tri-ai.test,Active,Member,2,2026-04-14 16:38:00 UTC
student0855@sample.tri-ai.test,Active,Member,3,2026-04-17 17:45:00 UTC
student0856@sample.tri-ai.test,Active,Member,4,2026-04-14 10:52:00 UTC
student0857@sample.tri-ai.test,Active,Member,5,2026-04-17 11:59:00 UTC
student0858@sample.tri-ai.test,Active,Member,0,2026-04-14 12:06:00 UTC
student0859@sample.tri-ai.test,Active,Member,1,2026-04-17 13:13:00 UTC
student0860@sample.tri-ai.test,Active,Member,2,2026-04-14 14:20:00 UTC
student0861@sample.tri-ai.test,Active,Member,3,2026-04-17 15:27:00 UTC
student0862@sample.tri-ai.test,Active,Member,4,2026-04-14 16:34:00 UTC
student0863@sample.tri-ai.test,Active,Member,5,2026-04-17 17:41:00 UTC
student0864@sample.tri-ai.test,Active,Member,0,2026-04-14 10:48:00 UTC
student0865@sample.tri-ai.test,Active,Member,1,2026-04-17 11:55:00 UTC
student0866@sample.tri-ai.test,Active,Member,2,2026-04-14 12:02:00 UTC
student0867@sample.tri-ai.test,Active,Member,3,2026-04-17 13:09:00 UTC
student0868@sample.tri-ai.test,Active,Member,4,2026-04-14 14:16:00 UTC
student0869@sample.tri-ai.test,Active,Member,5,2026-04-17 15:23:00 UTC
student0870@sample.tri-ai.test,Active,Member,0,2026-04-14 16:30:00 UTC
student0871@sample.tri-ai.test,Active,Member,1,2026-04-17 17:37:00 UTC
student0872@sample.tri-ai.test,Active,Member,2,2026-04-14 10:44:00 UTC
student0873@sample.tri-ai.test,Active,Member,3,2026-04-17 11:51:00 UTC
student0874@sample.tri-ai.test,Active,Member,4,2026-04-14 12:58:00 UTC
student0875@sample.tri-ai.test,Active,Member,5,2026-04-17 13:05:00 UTC
student0876@sample.tri-ai.test,Active,Member,0,2026-04-14 14:12:00 UTC
student0877@sample.tri-ai.test,Active,Member,1,2026-04-17 15:19:00 UTC
student0878@sample.tri-ai.test,Active,Member,2,2026-04-14 16:26:00 UTC
student0879@sample.tri-ai.test,Active,Member,3,2026-04-17 17:33:00 UTC
student0880@sample.tri-ai.test,Active,Member,4,2026-04-14 10:40:00 UTC
student0881@sample.tri-ai.test,Active,Member,5,2026-04-17 11:47:00 UTC
student0882@sample.tri-ai.test,Active,Member,0,2026-04-14 12:54:00 UTC
student0883@sample.tri-ai.test,Active,Member,1,2026-04-17 13:01:00 UTC
student0884@sample.tri-ai.test,Active,Member,2,2026-04-14 14:08:00 UTC
student0885@sample.tri-ai.test,Active,Member,3,2026-04-17 15:15:00 UTC
student0886@sample.tri-ai.test,Active,Member,4,2026-04-14 16:22:00 UTC
student0887@sample.tri-ai.test,Active,Member,5,2026-04-17 17:29:00 UTC
student0888@sample.tri-ai.test,Active,Member,0,2026-04-14 10:36:00 UTC
student0889@sample.tri-ai.test,Active,Member,1,2026-04-17 11:43:00 UTC
student0890@sample.tri-ai.test,Active,Member,2,2026-04-14 12:50:00 UTC
student0891@sample.tri-ai.test,Active,Member,3,2026-04-17 13:57:00 UTC
student0892@sample.tri-ai.test,Active,Member,4,2026-04-14 14:04:00 UTC
student0893@sample.tri-ai.test,Active,Member,5,2026-04-17 15:11:00 UTC
student0894@sample.tri-ai.test,Active,Member,0,2026-04-14 16:18:00 UTC
student0895@sample.tri-ai.test,Active,Member,1,2026-04-17 17:25:00 UTC
student0896@sample.tri-ai.test,Active,Member,2,2026-04-14 10:32:00 UTC
student0897@sample.tri-ai.test,Active,Member,3,2026-04-17 11:39:00 UTC
student0898@sample.tri-ai.test,Active,Member,4,2026-04-14 12:46:00 UTC
student0899@sample.tri-ai.test,Active,Member,5,2026-04-17 13:53:00 UTC
student0900@sample.tri-ai.test,Active,Member,0,2026-04-14 14:00:00 UTC
student0901@sample.tri-ai.test,Active,Member,1,2026-04-17 15:07:00 UTC
student0902@sample.tri-ai.test,Active,Member,2,2026-04-14 16:14:00 UTC
student0903@sample.tri-ai.test,Active,Member,3,2026-04-17 17:21:00 UTC
student0904@sample.tri-ai.test,Active,Member,4,2026-04-14 10:28:00 UTC
student0905@sample.tri-ai.test,Active,Member,5,2026-04-17 11:35:00 UTC
student0906@sample.tri-ai.test,Active,Member,0,2026-04-14 12:42:00 UTC
student0907@sample.tri-ai.test,Active,Member,1,2026-04-17 13:49:00 UTC
student0908@sample.tri-ai.test,Active,Member,2,2026-04-14 14:56:00 UTC
student0909@sample.tri-ai.test,Active,Member,3,2026-04-17 15:03:00 UTC
student0910@sample.tri-ai.test,Active,Member,4,2026-04-14 16:10:00 UTC
student0911@sample.tri-ai.test,Active,Member,5,2026-04-17 17:17:00 UTC
student0912@sample.tri-ai.test,Active,Member,0,2026-04-14 10:24:00 UTC
student0913@sample.tri-ai.test,Active,Member,1,2026-04-17 11:31:00 UTC
student0914@sample.tri-ai.test,Active,Member,2,2026-04-14 12:38:00 UTC
student0915@sample.tri-ai.test,Active,Member,3,2026-04-17 13:45:00 UTC
student0916@sample.tri-ai.test,Active,Member,4,2026-04-14 14:52:00 UTC
student0917@sample.tri-ai.test,Active,Member,5,2026-04-17 15:59:00 UTC
student0918@sample.tri-ai.test,Active,Member,0,2026-04-14 16:06:00 UTC
student0919@sample.tri-ai.test,Active,Member,1,2026-04-17 17:13:00 UTC
student0920@sample.tri-ai.test,Active,Member,2,2026-04-14 10:20:00 UTC
student0921@sample.tri-ai.test,Active,Member,3,2026-04-17 11:27:00 UTC
student0922@sample.tri-ai.test,Active,Member,4,2026-04-14 12:34:00 UTC
student0923@sample.tri-ai.test,Active,Member,5,2026-04-17 13:41:00 UTC
student0924@sample.tri-ai.test,Active,Member,0,2026-04-14 14:48:00 UTC
student0925@sample.tri-ai.test,Active,Member,1,2026-04-17 15:55:00 UTC
student0926@sample.tri-ai.test,Active,Member,2,2026-04-14 16:02:00 UTC
student0927@sample.tri-ai.test,Active,Member,3,2026-04-17 17:09:00 UTC
student0928@sample.tri-ai.test,Active,Member,4,2026-04-14 10:16:00 UTC
student0929@sample.tri-ai.test,Active,Member,5,2026-04-17 11:23:00 UTC
student0930@sample.tri-ai.test,Active,Member,0,2026-04-14 12:30:00 UTC
student0931@sample.tri-ai.test,Active,Member,1,2026-04-17 13:37:00 UTC
student0932@sample.tri-ai.test,Active,Member,2,2026-04-14 14:44:00 UTC
student0933@sample.tri-ai.test,Active,Member,3,2026-04-17 15:51:00 UTC
student0934@sample.tri-ai.test,Active,Member,4,2026-04-14 16:58:00 UTC
student0935@sample.tri-ai.test,Active,Member,5,2026-04-17 17:05:00 UTC
student0936@sample.tri-ai.test,Active,Member,0,2026-04-14 10:12:00 UTC
student0937@sample.tri-ai.test,Active,Member,1,2026-04-17 11:19:00 UTC
student0938@sample.tri-ai.test,Active,Member,2,2026-04-14 12:26:00 UTC
student0939@sample.tri-ai.test,Active,Member,3,2026-04-17 13:33:00 UTC
student0940@sample.tri-ai.test,Active,Member,4,2026-04-14 14:40:00 UTC
student0941@sample.tri-ai.test,Active,Member,5,2026-04-17 15:47:00 UTC
student0942@sample.tri-ai.test,Active,Member,0,2026-04-14 16:54:00 UTC
student0943@sample.tri-ai.test,Active,Member,1,2026-04-17 17:01:00 UTC
student0944@sample.tri-ai.test,Active,Member,2,2026-04-14 10:08:00 UTC
student0945@sample.tri-ai.test,Active,Member,3,2026-04-17 11:15:00 UTC
student0946@sample.tri-ai.test,Active,Member,4,2026-04-14 12:22:00 UTC
student0947@sample.tri-ai.test,Active,Member,5,2026-04-17 13:29:00 UTC
student0948@sample.tri-ai.test,Active,Member,0,2026-04-14 14:36:00 UTC
student0949@sample.tri-ai.test,Active,Member,1,2026-04-17 15:43:00 UTC
student0950@sample.tri-ai.test,Active,Member,2,2026-04-14 16:50:00 UTC
student0951@sample.tri-ai.test,Active,Member,3,2026-04-17 17:57:00 UTC
student0952@sample.tri-ai.test,Active,Member,4,2026-04-14 10:04:00 UTC
student0953@sample.tri-ai.test,Active,Member,5,2026-04-17 11:11:00 UTC
student0954@sample.tri-ai.test,Active,Member,0,2026-04-14 12:18:00 UTC
student0955@sample.tri-ai.test,Active,Member,1,2026-04-17 13:25:00 UTC
student0956@sample.tri-ai.test,Active,Member,2,2026-04-14 14:32:00 UTC
student0957@sample.tri-ai.test,Active,Member,3,2026-04-17 15:39:00 UTC
student0958@sample.tri-ai.test,Active,Member,4,2026-04-14 16:46:00 UTC
student0959@sample.tri-ai.test,Active,Member,5,2026-04-17 17:53:00 UTC
student0960@sample.tri-ai.test,Active,Member,0,2026-04-14 10:00:00 UTC
student0961@sample.tri-ai.test,Active,Member,1,2026-04-17 11:07:00 UTC
student0962@sample.tri-ai.test,Active,Member,2,2026-04-14 12:14:00 UTC
student0963@sample.tri-ai.test,Active,Member,3,2026-04-17 13:21:00 UTC
student0964@sample.tri-ai.test,Active,Member,4,2026-04-14 14:28:00 UTC
student0965@sample.tri-ai.test,Active,Member,5,2026-04-17 15:35:00 UTC
student0966@sample.tri-ai.test,Active,Member,0,2026-04-14 16:42:00 UTC
student0967@sample.tri-ai.test,Active,Member,1,2026-04-17 17:49:00 UTC
student0968@sample.tri-ai.test,Active,Member,2,2026-04-14 10:56:00 UTC
student0969@sample.tri-ai.test,Active,Member,3,2026-04-17 11:03:00 UTC
student0970@sample.tri-ai.test,Active,Member,4,2026-04-14 12:10:00 UTC
student0971@sample.tri-ai.test,Active,Member,5,2026-04-17 13:17:00 UTC
student0972@sample.tri-ai.test,Active,Member,0,2026-04-14 14:24:00 UTC
student0973@sample.tri-ai.test,Active,Member,1,2026-04-17 15:31:00 UTC
student0974@sample.tri-ai.test,Active,Member,2,2026-04-14 16:38:00 UTC
student0975@sample.tri-ai.test,Active,Member,3,2026-04-17 17:45:00 UTC
student0976@sample.tri-ai.test,Active,Member,4,2026-04-14 10:52:00 UTC
student0977@sample.tri-ai.test,Active,Member,5,2026-04-17 11:59:00 UTC
student0978@sample.tri-ai.test,Active,Member,0,2026-04-14 12:06:00 UTC
student0979@sample.tri-ai.test,Active,Member,1,2026-04-17 13:13:00 UTC
student0980@sample.tri-ai.test,Active,Member,2,2026-04-14 14:20:00 UTC
student0981@sample.tri-ai.test,Active,Member,3,2026-04-17 15:27:00 UTC
student0982@sample.tri-ai.test,Active,Member,4,2026-04-14 16:34:00 UTC
student0983@sample.tri-ai.test,Active,Member,5,2026-04-17 17:41:00 UTC
student0984@sample.tri-ai.test,Active,Member,0,2026-04-14 10:48:00 UTC
student0985@sample.tri-ai.test,Active,Member,1,2026-04-17 11:55:00 UTC
student0986@sample.tri-ai.test,Active,Member,2,2026-04-14 12:02:00 UTC
student0987@sample.tri-ai.test,Active,Member,3,2026-04-17 13:09:00 UTC
student0988@sample.tri-ai.test,Active,Member,4,2026-04-14 14:16:00 UTC
student0989@sample.tri-ai.test,Active,Member,5,2026-04-17 15:23:00 UTC
student0990@sample.tri-ai.test,Active,Member,0,2026-04-14 16:30:00 UTC
student0991@sample.tri-ai.test,Active,Member,1,2026-04-17 17:37:00 UTC
student0992@sample.tri-ai.test,Active,Member,2,2026-04-14 10:44:00 UTC
student0993@sample.tri-ai.test,Active,Member,3,2026-04-17 11:51:00 UTC
student0994@sample.tri-ai.test,Active,Member,4,2026-04-14 12:58:00 UTC
student0995@sample.tri-ai.test,Active,Member,5,2026-04-17 13:05:00 UTC
student0996@sample.tri-ai.test,Active,Member,0,2026-04-14 14:12:00 UTC
student0997@sample.tri-ai.test,Active,Member,1,2026-04-17 15:19:00 UTC
student0998@sample.tri-ai.test,Active,Member,2,2026-04-14 16:26:00 UTC
student0999@sample.tri-ai.test,Active,Member,3,2026-04-17 17:33:00 UTC
student1000@sample.tri-ai.test,Active,Member,4,2026-04-14 10:40:00 UTC
